GEOID2,NAMELSAD,NPA
371190015082,Block Group 2,325
371190056151,Block Group 1,296
371190038081,Block Group 1,79
371190015091,Block Group 1,271
371190015101,Block Group 1,17
371190062122,Block Group 2,416
371190062102,Block Group 2,421
371190055133,Block Group 3,252
371190055223,Block Group 3,274
371190055113,Block Group 3,279
371190055101,Block Group 1,280
371190055111,Block Group 1,281
371190039031,Block Group 1,306
371199802001,Block Group 1,285
371190058481,Block Group 1,380
371190030121,Block Group 1,236
371190055081,Block Group 1,38
371190058302,Block Group 2,261
371190019181,Block Group 1,16
371190058461,Block Group 1,379
371190058161,Block Group 1,262
371190056191,Block Group 1,360
371190019113,Block Group 3,91
371190015043,Block Group 3,327
371190040002,Block Group 2,124
371190058171,Block Group 1,29
371190055102,Block Group 2,117
371190058462,Block Group 2,379
371190019211,Block Group 1,186
371190044002,Block Group 2,158
371190030131,Block Group 1,201
371190057101,Block Group 1,442
371190042003,Block Group 3,6
371190030081,Block Group 1,177
371190058473,Block Group 3,149
371190054032,Block Group 2,150
371199803001,Block Group 1,476
371190058292,Block Group 2,298
371190056122,Block Group 2,299
371190058271,Block Group 1,142
371190019202,Block Group 2,180
371190059151,Block Group 1,92
371190059161,Block Group 1,93
371190059162,Block Group 2,94
371190064032,Block Group 2,468
371190016082,Block Group 2,168
371190058362,Block Group 2,443
371190058361,Block Group 1,444
371190058282,Block Group 2,297
371190058291,Block Group 1,300
371190030122,Block Group 2,302
371190030082,Block Group 2,303
371190053082,Block Group 2,304
371190061031,Block Group 1,109
371190058482,Block Group 2,380
371190058472,Block Group 2,148
371190055192,Block Group 2,195
371190019172,Block Group 2,220
371190058432,Block Group 2,204
371190058333,Block Group 3,456
371190057151,Block Group 1,396
371190058301,Block Group 1,41
371190064041,Block Group 1,469
371190031081,Block Group 1,12
371190031062,Block Group 2,105
371190031023,Block Group 3,106
371190060092,Block Group 2,332
371190062092,Block Group 2,397
371190021002,Block Group 2,394
371190058431,Block Group 1,170
371190058162,Block Group 2,171
371190058452,Block Group 2,172
371190057161,Block Group 1,131
371190019203,Block Group 3,134
371190058331,Block Group 1,457
371190030163,Block Group 3,206
371190030171,Block Group 1,351
371190056213,Block Group 3,225
371190032031,Block Group 1,13
371190032032,Block Group 2,226
371190043042,Block Group 2,173
371190062142,Block Group 2,445
371190062141,Block Group 1,446
371190027021,Block Group 1,392
371190032041,Block Group 1,357
371190032042,Block Group 2,357
371190056212,Block Group 2,228
371190062091,Block Group 1,398
371190062093,Block Group 3,399
371190056102,Block Group 2,46
371190056091,Block Group 1,60
371190056101,Block Group 1,61
371190056042,Block Group 2,62
371190029051,Block Group 1,208
371190029033,Block Group 3,210
371190055151,Block Group 1,372
371190038071,Block Group 1,212
371190055172,Block Group 2,372
371190055171,Block Group 1,372
371190055191,Block Group 1,372
371190056111,Block Group 1,155
371190057131,Block Group 1,403
371190030152,Block Group 2,175
371190058151,Block Group 1,181
371199801001,Block Group 1,122
371190012003,Block Group 3,378
371190056161,Block Group 1,48
371190049001,Block Group 1,182
371190024001,Block Group 1,367
371190060081,Block Group 1,376
371190039021,Block Group 1,321
371190048002,Block Group 2,374
371190058332,Block Group 2,400
371190058321,Block Group 1,194
371190058172,Block Group 2,25
371190012001,Block Group 1,314
371190019201,Block Group 1,202
371190030061,Block Group 1,31
371190058262,Block Group 2,368
371190055222,Block Group 2,14
371190059081,Block Group 1,130
371190052001,Block Group 1,369
371190016032,Block Group 2,389
371190058342,Block Group 2,465
371190058241,Block Group 1,116
371190058281,Block Group 1,129
371190042002,Block Group 2,293
371190058341,Block Group 1,460
371190040001,Block Group 1,124
371190064033,Block Group 3,475
371190056041,Block Group 1,219
371190016092,Block Group 2,197
371190030062,Block Group 2,42
371190057142,Block Group 2,454
371190058471,Block Group 1,380
371190015072,Block Group 2,102
371190019183,Block Group 3,135
371190057102,Block Group 2,144
371190019171,Block Group 1,145
371190058391,Block Group 1,233
371190038082,Block Group 2,71
371190016071,Block Group 1,127
371190019193,Block Group 3,16
371190057162,Block Group 2,27
371190059101,Block Group 1,77
371190060082,Block Group 2,376
371190060091,Block Group 1,348
371190017024,Block Group 4,164
371190016062,Block Group 2,389
371190016061,Block Group 1,389
371190016091,Block Group 1,167
371190056182,Block Group 2,242
371190018021,Block Group 1,390
371190015083,Block Group 3,247
371190015071,Block Group 1,249
371190056181,Block Group 1,324
371190019161,Block Group 1,146
371190057143,Block Group 3,425
371190057132,Block Group 2,455
371190061051,Block Group 1,266
371190051002,Block Group 2,363
371190052002,Block Group 2,369
371190052003,Block Group 3,157
371190042004,Block Group 4,6
371190053081,Block Group 1,101
371190053071,Block Group 1,291
371190054031,Block Group 1,237
371190054042,Block Group 2,238
371190054041,Block Group 1,160
371190043031,Block Group 1,140
371190053011,Block Group 1,21
371190053051,Block Group 1,371
371190031021,Block Group 1,8
371190031022,Block Group 2,393
371190031051,Block Group 1,19
371190025001,Block Group 1,367
371190025002,Block Group 2,367
371190026001,Block Group 1,163
371190027012,Block Group 2,392
371190027011,Block Group 1,392
371190027013,Block Group 3,392
371190053052,Block Group 2,371
371190043021,Block Group 1,385
371190043022,Block Group 2,385
371190043023,Block Group 3,385
371190044001,Block Group 1,141
371190045001,Block Group 1,292
371190019222,Block Group 2,323
371190028003,Block Group 3,364
371190027022,Block Group 2,392
371190027023,Block Group 3,392
371190028001,Block Group 1,364
371190028002,Block Group 2,392
371190055082,Block Group 2,276
371190055112,Block Group 2,278
371190055221,Block Group 1,14
371190055122,Block Group 2,282
371190055121,Block Group 1,305
371190058451,Block Group 1,308
371190058401,Block Group 1,253
371190062121,Block Group 1,417
371190062111,Block Group 1,418
371190062112,Block Group 2,419
371190062101,Block Group 1,420
371190061032,Block Group 2,110
371190055123,Block Group 3,283
371190058351,Block Group 1,432
371190058483,Block Group 3,433
371190055201,Block Group 1,152
371190057122,Block Group 2,402
371190064072,Block Group 2,467
371190057121,Block Group 1,401
371190058261,Block Group 1,368
371190056211,Block Group 1,26
371190057141,Block Group 1,423
371190057091,Block Group 1,395
371190056192,Block Group 2,360
371190056172,Block Group 2,243
371190056171,Block Group 1,244
371190015102,Block Group 2,17
371190058283,Block Group 3,74
371190030162,Block Group 2,205
371190019102,Block Group 2,316
371190056043,Block Group 3,62
371190064071,Block Group 1,411
371190058112,Block Group 2,36
371190058152,Block Group 2,56
371190060051,Block Group 1,73
371190059131,Block Group 1,313
371190059132,Block Group 2,95
371190059181,Block Group 1,289
371190061091,Block Group 1,260
371190061082,Block Group 2,196
371190062081,Block Group 1,448
371190064031,Block Group 1,473
371190008002,Block Group 2,200
371190009001,Block Group 1,386
371190012002,Block Group 2,87
371190013001,Block Group 1,10
371190013002,Block Group 2,10
371190013003,Block Group 3,9
371190006002,Block Group 2,476
371190007001,Block Group 1,22
371190008001,Block Group 1,37
371190009002,Block Group 2,386
371190010001,Block Group 1,378
371190010002,Block Group 2,378
371190010003,Block Group 3,378
371190011001,Block Group 1,184
371190014001,Block Group 1,344
371190014002,Block Group 2,343
371190062221,Block Group 1,450
371190062191,Block Group 1,449
371190062181,Block Group 1,409
371190064112,Block Group 2,458
371190054051,Block Group 1,125
371190062161,Block Group 1,470
371190063091,Block Group 1,463
371190037022,Block Group 2,30
371190004011,Block Group 1,3
371190060141,Block Group 1,136
371190001021,Block Group 1,476
371190029091,Block Group 1,358
371190019272,Block Group 2,248
371190055342,Block Group 2,65
371190060131,Block Group 1,156
371190055321,Block Group 1,67
371190062202,Block Group 2,410
371190062211,Block Group 1,447
371190033021,Block Group 1,381
371190020061,Block Group 1,235
371190034021,Block Group 1,11
371190022021,Block Group 1,28
371190022022,Block Group 2,18
371190020051,Block Group 1,193
371190022011,Block Group 1,18
371190058602,Block Group 2,189
371190019261,Block Group 1,245
371190060152,Block Group 2,330
371190059102,Block Group 2,77
371190059183,Block Group 3,289
371190030211,Block Group 1,44
371190059152,Block Group 2,92
371190038101,Block Group 1,54
371190030202,Block Group 2,375
371190058113,Block Group 3,36
371190038102,Block Group 2,230
371190029103,Block Group 3,358
371190057192,Block Group 2,407
371190011003,Block Group 3,315
371190058551,Block Group 1,188
371190058552,Block Group 2,187
371190059182,Block Group 2,289
371190059291,Block Group 1,82
371190057181,Block Group 1,431
371190055262,Block Group 2,250
371190059311,Block Group 1,97
371190059312,Block Group 2,97
371190030203,Block Group 3,375
371190011002,Block Group 2,315
371190019253,Block Group 3,165
371190056271,Block Group 1,229
371190058671,Block Group 1,430
371190059301,Block Group 1,68
371190030212,Block Group 2,143
371190058651,Block Group 1,288
371190059133,Block Group 3,319
371190064082,Block Group 2,471
371190059272,Block Group 2,96
371190020052,Block Group 2,47
371190019271,Block Group 1,270
371190029102,Block Group 2,358
371190059231,Block Group 1,111
371190022012,Block Group 2,320
371190043061,Block Group 1,199
371190043062,Block Group 2,199
371190060132,Block Group 2,156
371190055203,Block Group 3,153
371190033022,Block Group 2,381
371190034023,Block Group 3,3
371190061132,Block Group 2,72
371190030221,Block Group 1,213
371190038091,Block Group 1,307
371190005021,Block Group 1,476
371190058571,Block Group 1,75
371190059201,Block Group 1,83
371190019241,Block Group 1,50
371190062172,Block Group 2,474
371190056112,Block Group 2,155
371190055281,Block Group 1,264
371190056272,Block Group 2,227
371190060162,Block Group 2,190
371190058531,Block Group 1,354
371190038083,Block Group 3,71
371190056232,Block Group 2,64
371190056121,Block Group 1,301
371190058641,Block Group 1,115
371190055251,Block Group 1,232
371190058631,Block Group 1,151
371190001012,Block Group 2,476
371190061121,Block Group 1,191
371190055202,Block Group 2,153
371190063081,Block Group 1,464
371190057182,Block Group 2,436
371190055301,Block Group 1,154
371190056221,Block Group 1,64
371190056092,Block Group 2,60
371190062231,Block Group 1,466
371190029071,Block Group 1,349
371190058591,Block Group 1,255
371190061152,Block Group 2,207
371190059271,Block Group 1,96
371190062241,Block Group 1,422
371190055351,Block Group 1,33
371190058612,Block Group 2,20
371190058553,Block Group 3,356
371190063061,Block Group 1,452
371190064081,Block Group 1,471
371190062222,Block Group 2,450
371190058611,Block Group 1,20
371190058453,Block Group 3,172
371190061122,Block Group 2,72
371190003022,Block Group 2,3
371190003021,Block Group 1,3
371190057231,Block Group 1,107
371190030192,Block Group 2,43
371190019251,Block Group 1,183
371190056273,Block Group 3,229
371190059261,Block Group 1,256
371190058111,Block Group 1,318
371190029081,Block Group 1,217
371190041012,Block Group 2,361
371190059232,Block Group 2,111
371190020072,Block Group 2,23
371190057191,Block Group 1,428
371190059292,Block Group 2,81
371190037012,Block Group 2,338
371190001031,Block Group 1,476
371190060142,Block Group 2,337
371190034012,Block Group 2,3
371190034022,Block Group 2,3
371190030222,Block Group 2,359
371190029082,Block Group 2,216
371190037021,Block Group 1,30
371190031113,Block Group 3,393
371190029101,Block Group 1,133
371190055341,Block Group 1,66
371190061131,Block Group 1,191
371190055173,Block Group 3,372
371190033011,Block Group 1,381
371190055361,Block Group 1,334
371190061151,Block Group 1,207
371190058532,Block Group 2,32
371190020081,Block Group 1,391
371190038092,Block Group 2,307
371190056252,Block Group 2,377
371190056222,Block Group 2,64
371190037011,Block Group 1,338
371190001041,Block Group 1,476
371190063111,Block Group 1,412
371190034011,Block Group 1,3
371190004021,Block Group 1,339
371190061141,Block Group 1,209
371190031111,Block Group 1,393
371190058672,Block Group 2,430
371190058491,Block Group 1,335
371190063101,Block Group 1,462
371190055352,Block Group 2,259
371190055362,Block Group 2,329
371190058512,Block Group 2,310
371190058662,Block Group 2,272
371190006001,Block Group 1,476
371190030201,Block Group 1,241
371190007002,Block Group 2,22
371190058601,Block Group 1,356
371190031112,Block Group 2,132
371190055193,Block Group 3,195
371190030083,Block Group 3,55
371190048003,Block Group 3,311
371190029052,Block Group 2,69
371190029031,Block Group 1,4
371190029032,Block Group 2,7
371190055132,Block Group 2,265
371190038051,Block Group 1,178
371190038072,Block Group 2,53
371190039032,Block Group 2,114
371190039022,Block Group 2,120
371190039023,Block Group 3,294
371190039024,Block Group 4,159
371190040003,Block Group 3,387
371190045002,Block Group 2,88
371190045003,Block Group 3,382
371190046001,Block Group 1,70
371190031092,Block Group 2,12
371190030132,Block Group 2,353
371190056131,Block Group 1,192
371190030172,Block Group 2,263
371190030181,Block Group 1,269
371190030151,Block Group 1,222
371190030153,Block Group 3,118
371190030161,Block Group 1,352
371190031052,Block Group 2,19
371190031061,Block Group 1,383
371190031091,Block Group 1,185
371190031082,Block Group 2,383
371190032011,Block Group 1,24
371190046002,Block Group 2,85
371190047001,Block Group 1,382
371190048001,Block Group 1,374
371190020041,Block Group 1,373
371190019232,Block Group 2,322
371190050001,Block Group 1,295
371190050002,Block Group 2,126
371190051001,Block Group 1,363
371190032012,Block Group 2,13
371190032043,Block Group 3,11
371190035001,Block Group 1,3
371190035002,Block Group 2,3
371190036001,Block Group 1,388
371190036002,Block Group 2,388
371190036003,Block Group 3,326
371190036004,Block Group 4,317
371190019103,Block Group 3,58
371190019111,Block Group 1,89
371190019112,Block Group 2,268
371190053053,Block Group 3,371
371190053061,Block Group 1,371
371190053062,Block Group 2,371
371190053072,Block Group 2,103
371190020042,Block Group 2,373
371190020043,Block Group 3,161
371190019221,Block Group 1,162
371190019231,Block Group 1,59
371190021001,Block Group 1,394
371190023001,Block Group 1,370
371190023002,Block Group 2,370
371190024002,Block Group 2,367
371190024003,Block Group 3,367
371190038021,Block Group 1,362
371190038022,Block Group 2,362
371190038023,Block Group 3,290
371190043041,Block Group 1,346
371190040004,Block Group 4,387
371190042001,Block Group 1,5
371190060052,Block Group 2,73
371190054062,Block Group 2,139
371190054061,Block Group 1,123
371190055322,Block Group 2,80
371190058642,Block Group 2,115
371190055343,Block Group 3,66
371190020082,Block Group 2,15
371190019262,Block Group 2,246
371190020071,Block Group 1,391
371190020083,Block Group 3,15
371190057212,Block Group 2,408
371190057211,Block Group 1,435
371190059211,Block Group 1,45
371190003011,Block Group 1,3
371190062201,Block Group 1,424
371190061142,Block Group 2,209
371190041011,Block Group 1,361
371190005032,Block Group 2,476
371190054052,Block Group 2,125
371190058242,Block Group 2,116
371190041021,Block Group 1,347
371190004022,Block Group 2,339
371190058681,Block Group 1,453
371190055311,Block Group 1,336
371190005011,Block Group 1,476
371190055312,Block Group 2,336
371190061101,Block Group 1,345
371190056251,Block Group 1,377
371190029083,Block Group 3,198
371190019252,Block Group 2,166
371190015052,Block Group 2,234
371190056231,Block Group 1,221
371190059192,Block Group 2,286
371190061112,Block Group 2,49
371190055364,Block Group 4,328
371190060122,Block Group 2,119
371190016033,Block Group 3,389
371190055103,Block Group 3,117
371190062082,Block Group 2,448
371190061102,Block Group 2,113
371190064102,Block Group 2,405
371190064101,Block Group 1,405
371190055282,Block Group 2,275
371190062171,Block Group 1,472
371190055261,Block Group 1,277
371190058541,Block Group 1,355
371190058392,Block Group 2,233
371190060151,Block Group 1,348
371190060111,Block Group 1,34
371190044003,Block Group 3,158
371190058511,Block Group 1,309
371190061111,Block Group 1,112
371190055331,Block Group 1,254
371190061103,Block Group 3,113
371190058492,Block Group 2,335
371190005012,Block Group 2,476
371190058663,Block Group 3,287
371190058661,Block Group 1,287
371190058501,Block Group 1,284
371190057201,Block Group 1,406
371190058521,Block Group 1,224
371190060121,Block Group 1,333
371190059321,Block Group 1,78
371190038052,Block Group 2,178
371190058632,Block Group 2,151
371190020062,Block Group 2,179
371190059251,Block Group 1,76
371190056261,Block Group 1,98
371190055271,Block Group 1,218
371190006003,Block Group 3,476
371190043071,Block Group 1,258
371190059202,Block Group 2,84
371190060161,Block Group 1,137
371190055302,Block Group 2,231
371190041022,Block Group 2,51
371190064091,Block Group 1,438
371190059281,Block Group 1,174
371190063051,Block Group 1,434
371190030191,Block Group 1,215
371190059191,Block Group 1,35
371190056241,Block Group 1,273
371190033012,Block Group 2,381
371190059134,Block Group 4,319
371190001022,Block Group 2,476
371190001011,Block Group 1,476
371190058582,Block Group 2,257
371190038111,Block Group 1,121
371190055291,Block Group 1,231
371190031101,Block Group 1,393
371190055363,Block Group 3,331
371190059241,Block Group 1,267
371190059222,Block Group 2,203
371190005031,Block Group 1,476
371190059242,Block Group 2,267
371190063071,Block Group 1,437
371190029072,Block Group 2,350
371190059221,Block Group 1,45
371190064111,Block Group 1,404
371190059262,Block Group 2,256
371190030223,Block Group 3,359
371190058621,Block Group 1,176
371190058561,Block Group 1,169
371190058581,Block Group 1,257
371190063072,Block Group 2,437
371190063112,Block Group 2,413
371190064043,Block Group 3,451
371190057232,Block Group 2,108
371190055252,Block Group 2,232
371190057221,Block Group 1,459
371190057092,Block Group 2,426
371190061081,Block Group 1,211
371190053012,Block Group 2,138
371190055161,Block Group 1,372
371190055131,Block Group 1,251
371190015073,Block Group 3,312
371190015081,Block Group 1,39
371190015041,Block Group 1,40
371190015042,Block Group 2,223
371190019182,Block Group 2,16
371190019192,Block Group 2,16
371190019191,Block Group 1,57
371190019101,Block Group 1,316
371190015051,Block Group 1,234
371190015092,Block Group 2,100
371190016051,Block Group 1,90
371190016031,Block Group 1,389
371190016081,Block Group 1,128
371190017011,Block Group 1,2
371190017012,Block Group 2,86
371190017021,Block Group 1,164
371190017022,Block Group 2,365
371190017023,Block Group 3,365
371190018022,Block Group 2,240
371190018012,Block Group 2,366
371190018011,Block Group 1,366
371190018013,Block Group 3,2
371190019141,Block Group 1,52
371190019142,Block Group 2,99
371190019162,Block Group 2,147
371190064042,Block Group 2,451
